[
  {
    "patientId": "12345",
    "frequency": 4.5,
    "amplitude": "2.3",
    "timestamp": "2024-10-20T14:45:00.000Z",
    "location": "right hand"
  },
  {
    "patientId": "67890",
    "frequency": 6.7,
    "amplitude": "5.1",
    "timestamp": "2024-10-21T10:30:00.000Z",
    "location": "left hand"
  },
  {
    "patientId": "54321",
    "frequency": 3.2,
    "amplitude": "3.0",
    "timestamp": "2024-10-22T09:00:00.000Z",
    "location": "right leg"
  },
  {
    "patientId": "11223",
    "frequency": 5.8,
    "amplitude": "4.7",
    "timestamp": "2024-10-22T12:30:00.000Z",
    "location": "left leg"
  },
  {
    "patientId": "33445",
    "frequency": 4.2,
    "amplitude": "2.8",
    "timestamp": "2024-10-23T15:45:00.000Z",
    "location": "right hand"
  },
  {
    "patientId": "55667",
    "frequency": 7.1,
    "amplitude": "5.4",
    "timestamp": "2024-10-23T08:15:00.000Z",
    "location": "left hand"
  },
  {
    "patientId": "77889",
    "frequency": 6.5,
    "amplitude": "3.9",
    "timestamp": "2024-10-24T07:00:00.000Z",
    "location": "right leg"
  },
  {
    "patientId": "99100",
    "frequency": 2.5,
    "amplitude": "1.9",
    "timestamp": "2024-10-24T16:00:00.000Z",
    "location": "left leg"
  },
  {
    "patientId": "11022",
    "frequency": 5.4,
    "amplitude": "4.2",
    "timestamp": "2024-10-25T14:20:00.000Z",
    "location": "right arm"
  },
  {
    "patientId": "22334",
    "frequency": 3.9,
    "amplitude": "3.0",
    "timestamp": "2024-10-25T09:30:00.000Z",
    "location": "left arm"
  },
  {
    "patientId": "33456",
    "frequency": 6.8,
    "amplitude": "4.9",
    "timestamp": "2024-10-26T11:00:00.000Z",
    "location": "right hand"
  },
  {
    "patientId": "44567",
    "frequency": 4.1,
    "amplitude": "2.7",
    "timestamp": "2024-10-26T14:30:00.000Z",
    "location": "left hand"
  },
  {
    "patientId": "55678",
    "frequency": 7.3,
    "amplitude": "5.6",
    "timestamp": "2024-10-27T10:00:00.000Z",
    "location": "right hand"
  },
  {
    "patientId": "66789",
    "frequency": 2.9,
    "amplitude": "2.1",
    "timestamp": "2024-10-27T13:15:00.000Z",
    "location": "left leg"
  },
  {
    "patientId": "77890",
    "frequency": 6.4,
    "amplitude": "4.3",
    "timestamp": "2024-10-28T17:30:00.000Z",
    "location": "right leg"
  },
  {
    "patientId": "88901",
    "frequency": 3.7,
    "amplitude": "3.1",
    "timestamp": "2024-10-28T11:45:00.000Z",
    "location": "left arm"
  },
  {
    "patientId": "99012",
    "frequency": 4.6,
    "amplitude": "3.5",
    "timestamp": "2024-10-29T08:50:00.000Z",
    "location": "right hand"
  },
  {
    "patientId": "10112",
    "frequency": 5.9,
    "amplitude": "4.8",
    "timestamp": "2024-10-29T15:40:00.000Z",
    "location": "left hand"
  },
  {
    "patientId": "11223",
    "frequency": 6.1,
    "amplitude": "4.0",
    "timestamp": "2024-10-30T12:10:00.000Z",
    "location": "right leg"
  },
  {
    "patientId": "12334",
    "frequency": 3.0,
    "amplitude": "2.0",
    "timestamp": "2024-10-30T18:00:00.000Z",
    "location": "left leg"
  },
  {
    "patientId": "13445",
    "frequency": 5.5,
    "amplitude": "4.1",
    "timestamp": "2024-10-31T09:20:00.000Z",
    "location": "right arm"
  },
  {
    "patientId": "14556",
    "frequency": 4.8,
    "amplitude": "3.4",
    "timestamp": "2024-10-31T14:00:00.000Z",
    "location": "left arm"
  },
  {
    "patientId": "15667",
    "frequency": 6.9,
    "amplitude": "5.2",
    "timestamp": "2024-11-01T07:30:00.000Z",
    "location": "right hand"
  }
]

